SensorID,SensorNum,Cycle,Humidity(%),Response,M1,M2,M3,Vheater(V),GasID,Concentration
1,3,1,0.05,1.179628426596141,1087.764344393077,3044.312152841483,3623.68372901068,0.9000000000000004,1,0.05
1,3,2,0.04991228070175438,1.153195852578362,1305.390631535537,3255.861706445841,3624.488383650448,0.9000000000000004,1,0.05
1,3,5,0.04991228070175438,1.979553565553609,529.9957808495801,809.9835809386934,1803.331266188691,2.199999999999999,1,0.05
1,3,6,0.04991228070175438,1.560260312005296,882.2870239328258,1232.123624574246,1014.659453118166,2.199999999999999,1,0.05
1,3,7,0.04991228070175438,1.884805960432565,386.3280648671639,505.8849129972845,453.6200238394807,2.899999999999999,1,0.05
1,3,8,0.04991228070175438,1.729387139523555,564.6459154457739,635.1255468256281,512.0690548724805,2.899999999999999,1,0.05
1,3,9,0.04973684210526316,2.03389542148244,526.1862030369645,687.8278953697998,640.1490214432014,3.600000000000001,1,0.05
3,2,1,0.06000000000000001,5.475050616025973,1180.25398676566,7485.876782837381,3219.991134359332,0.9000000000000004,2,0.05
3,2,2,0.05,1.645113597889934,2938.237871668064,3074.590439266959,2701.002960488204,0.9000000000000004,2,0.05
3,2,3,0.05,1.440483988539529,2268.48162673256,2675.554230947982,2441.851317565021,1.4,2,0.05
3,2,4,0.05,1.301103319160891,2231.675130600696,1976.014066919616,1991.353229627732,1.4,2,0.05
3,2,5,0.05,1.330449958489536,1982.01395237442,2189.309354974088,2017.021030899112,2.199999999999999,2,0.05
3,2,6,0.05,1.279438290616764,1745.330394974723,2186.12708121089,1886.536725971849,2.199999999999999,2,0.05
3,2,7,0.04043859649122807,1.283249725172651,1639.400064820831,2051.110481156164,1476.242684993736,2.899999999999999,2,0.05
3,2,8,0.03999999999999999,1.244157830210571,1293.563829977263,1923.210236621841,1693.482704272096,2.899999999999999,2,0.05
3,2,9,0.03999999999999999,1.297473439305042,1527.623381678949,1985.381728256502,1645.563966586126,3.600000000000001,2,0.05
3,2,10,0.03999999999999999,1.238982035544508,1483.699416989001,1481.865142467709,1503.438996111247,3.600000000000001,2,0.05
3,2,11,0.03999999999999999,1.310208789104975,1309.505831373914,2254.894047554048,1448.904151833167,4.299999999999999,2,0.05
3,2,12,0.03999999999999999,1.238705603903189,1258.674908540527,1402.49989475882,1609.936808936631,4.299999999999999,2,0.05
3,3,1,0.06000000000000001,26.36774795208728,1711.245831694262,1648.835288331081,23963.58163467841,0.9000000000000004,2,0.05
3,3,2,0.05,1.973088289286979,9414.957507569434,5154.74414036623,3102.778662751228,0.9000000000000004,2,0.05
3,3,3,0.05,12.55602654170457,2096.280269196516,1158.818274536248,11958.21573201577,1.4,2,0.05
3,3,4,0.05,7.617645688040743,1739.019128237535,12228.33774110113,1769.066120212119,1.4,2,0.05
3,3,5,0.05,5.91181895952521,1296.43829027976,346.6459616548548,162.7410186258146,2.199999999999999,2,0.05
3,3,6,0.05,4.914686204490415,1451.101395346471,310.0127848621256,110.7628796336373,2.199999999999999,2,0.05
3,3,7,0.04043859649122807,25.43456591364516,2524.572107992591,1750.613468710776,2845.096870006098,2.899999999999999,2,0.05
3,3,8,0.03999999999999999,26.2557106820269,8030.553827545367,1622.61706926541,1016.440838379116,2.899999999999999,2,0.05
3,3,9,0.03999999999999999,301.9244093836056,284332.1369625517,52150.8094380312,19762.37509958847,3.600000000000001,2,0.05
3,3,10,0.03999999999999999,243.844981849269,507196.8767408286,-28067.85180845609,-15716.25126641759,3.600000000000001,2,0.05
3,3,11,0.03999999999999999,358.1672250012363,1411339.428735408,256863.2465906718,137406.8488476009,4.299999999999999,2,0.05
3,3,12,0.03999999999999999,309.5721887125766,2144108.552735917,63783.05937435834,-22860.20795142651,4.299999999999999,2,0.05
3,4,1,0.06000000000000001,3.881224051741181,419.4756857647135,356.1464384869182,239.5150163248167,0.9000000000000004,2,0.05
3,4,2,0.05,1.64687702433404,301.9750612900548,220.7992574401972,127.0240975274516,0.9000000000000004,2,0.05
3,4,3,0.05,4.470102311481622,348.0761885419184,207.5593609677082,125.0801474052245,1.4,2,0.05
3,4,4,0.05,2.404656221151536,299.0153905533384,161.8882238255274,88.81565363455091,1.4,2,0.05
3,4,5,0.05,5.75914353979048,160.553334185721,60.41519322358143,34.45810049826392,2.199999999999999,2,0.05
3,4,6,0.05,4.787402597402598,195.9175841244689,62.84466947040183,28.47638889288059,2.199999999999999,2,0.05
3,4,7,0.04043859649122807,18.84835585825263,342.1603893744261,258.8571893054932,234.2658365993331,2.899999999999999,2,0.05
3,4,8,0.03999999999999999,20.85098621994056,879.3164031213809,348.4830126801656,223.8115195437166,2.899999999999999,2,0.05
3,4,9,0.03999999999999999,179.5440952380952,20894.44563944398,10575.96484484683,5633.295540773021,3.600000000000001,2,0.05
3,4,10,0.03999999999999999,144.0073378795343,51497.19048350325,1814.253298064137,375.1057015980939,3.600000000000001,2,0.05
3,4,11,0.03999999999999999,151.0562714914677,132776.1245288178,32300.90050345226,18453.66060926886,4.299999999999999,2,0.05
3,4,12,0.03999999999999999,141.0704226978527,224872.8644007349,9136.935117766923,2431.777657235009,4.299999999999999,2,0.05
1,1,1,0.512674418604651,1.759440945941689,3212.88918013068,4413.280053698693,2976.623200542087,2.899999999999999,1,0.05
1,1,2,0.5100581395348835,1.231757730995071,2923.09459125318,4765.990860221265,1689.077117018768,2.899999999999999,1,0.05
1,1,3,0.5100581395348835,1.187092368685682,2948.31501865975,3128.529512111178,1508.387551765054,2.899999999999999,1,0.05
1,1,4,0.5099999999999998,1.15569367691009,1717.092682848826,4249.885958812572,243.2920650182684,2.899999999999999,1,0.05
1,1,5,0.5099999999999998,1.122665210430754,2319.000851169695,1792.534023107243,1158.421234894051,2.899999999999999,1,0.05
1,1,6,0.5099999999999998,1.100668982309637,625.0837491166913,3552.473568382075,414.0014153314181,2.899999999999999,1,0.05
1,1,7,0.5099999999999998,1.109401990214752,669.7222163958539,2908.82023762843,1040.550234469333,2.899999999999999,1,0.05
1,1,9,0.5099999999999998,1.128329613337479,54.38290031028554,3072.908470372256,2323.567587267063,2.899999999999999,1,0.05
1,3,1,0.512674418604651,4.130273737854835,5007.631189058371,9180.601999028455,5251.411938033982,2.899999999999999,1,0.05
1,3,2,0.5100581395348835,2.429279550133278,11347.08438977811,10924.22963081036,3327.647812360896,2.899999999999999,1,0.05
1,3,3,0.5100581395348835,2.303534457150167,12622.89451185848,9781.65472614216,3405.739402245435,2.899999999999999,1,0.05
1,3,4,0.5099999999999998,2.162589034340257,13061.35579160078,9235.71670278218,2483.517653442599,2.899999999999999,1,0.05
1,3,5,0.5099999999999998,2.149453439034943,13158.89285643046,9141.01359867397,2755.965345895903,2.899999999999999,1,0.05
1,3,6,0.5099999999999998,2.152169292584345,13903.86492980765,9111.509530743177,2585.698791552556,2.899999999999999,1,0.05
1,3,7,0.5099999999999998,2.076464593860607,13876.1425499531,8879.944856649272,1850.435011733075,2.899999999999999,1,0.05
1,3,8,0.5099999999999998,2.067528463747867,13998.73305049966,8264.210047829281,2643.830674200274,2.899999999999999,1,0.05
1,3,9,0.5099999999999998,2.064707193128675,13929.35341914894,8568.56218505723,1785.856511003619,2.899999999999999,1,0.05
1,3,10,0.5072674418604649,2.026519054890752,13587.59308577733,7258.533542376803,2713.846580834517,2.899999999999999,1,0.05
1,3,11,0.5100581395348835,2.010515575499235,14128.92330574294,7637.99377933654,2103.812750046552,2.899999999999999,1,0.05
1,3,12,0.5100581395348835,1.952973118401029,13786.45606022685,7221.675685977391,2076.947541977565,2.899999999999999,1,0.05
1,3,13,0.5100581395348835,1.982730390124263,13432.94348751965,7540.881753261008,2565.368154043086,2.899999999999999,1,0.05
1,3,14,0.5100581395348835,1.941027437683205,13705.11175692,7507.049089368379,1725.010392865376,2.899999999999999,1,0.05
1,3,15,0.5100581395348835,1.920500561534223,13650.14021152047,7111.589812997147,2095.621437913045,2.899999999999999,1,0.05
1,3,16,0.5099999999999998,1.910739800941959,13586.11640038755,7476.401474157778,1972.999458855264,2.899999999999999,1,0.05
1,3,17,0.5197674418604652,1.851780600547974,13776.62834937205,6914.761836056023,1653.517986834927,2.899999999999999,1,0.05
1,3,18,0.5100581395348835,1.889099504769751,14248.88085517596,7308.223147154536,2060.991816561426,2.899999999999999,1,0.05
4,1,1,0.05307017543859649,1.820778691822949,4156.415366200222,13603.41439234583,15155.29802429357,0.9000000000000004,1,0.05
4,1,2,0.05736842105263159,1.607479745264946,5552.591355896393,16806.37513129838,17496.0840865531,0.9000000000000004,1,0.05
4,1,3,0.05552631578947369,1.852231305212552,3413.609765125126,17790.71671710744,19741.37162841443,1.4,1,0.05
4,1,4,0.05,1.769628236864859,7501.322001349957,23807.01830166752,23091.76630172295,1.4,1,0.05
4,1,5,0.05,4.202324716179372,11800.86983064401,34459.42604095775,35502.6633117749,2.199999999999999,1,0.05
4,1,6,0.05,3.084135540557215,26057.32592071384,58449.22459766795,49323.8011989386,2.199999999999999,1,0.05
4,1,7,0.04991228070175438,4.532600017398999,36423.41807862524,64293.34802279111,45974.2314513993,2.899999999999999,1,0.05
4,1,8,0.04991228070175438,3.464405116738352,63755.21176020202,84067.07790131035,46511.45988665024,2.899999999999999,1,0.05
4,1,9,0.04991228070175438,2.449196739522658,18166.54361684798,26174.77778074192,13396.64955097537,3.600000000000001,1,0.05
4,1,10,0.04991228070175438,2.354247948148757,27802.80063902089,29200.11322447566,11093.00937635133,3.600000000000001,1,0.05
4,1,11,0.04991228070175438,1.537108744549824,6030.999270333875,7185.764256035392,1401.85008266051,4.299999999999999,1,0.05
4,1,12,0.04991228070175438,1.588230981779724,7836.08256580345,6376.607776922453,324.2031909589431,4.299999999999999,1,0.05
4,2,1,0.05307017543859649,1.483269199744262,1155.497460146867,3453.325152775605,3530.58464402137,0.9000000000000004,1,0.05
4,2,2,0.05736842105263159,1.36207937786385,1288.720920274505,3797.316039566152,3973.430031321434,0.9000000000000004,1,0.05
4,2,3,0.05552631578947369,1.294937124941131,1057.72253435287,4007.352170548927,4651.465557879112,1.4,1,0.05
4,2,4,0.05,1.275883638055713,1630.643930163063,4871.622115507602,4893.418629119446,1.4,1,0.05
4,2,5,0.05,1.237433288255666,975.0497783206739,5047.26960838691,5691.66133537236,2.199999999999999,1,0.05
4,2,6,0.05,1.242306095691452,1980.702799824389,5999.160858619957,6186.863022065548,2.199999999999999,1,0.05
4,2,7,0.04991228070175438,1.218754869097441,1130.974085166607,6836.97840957768,6594.364439112913,2.899999999999999,1,0.05
4,2,8,0.04991228070175438,1.220717498827338,2314.351454186503,7446.334765046777,7238.750273211645,2.899999999999999,1,0.05
4,2,9,0.04991228070175438,1.207394031500842,1784.525433063793,7505.828601179413,8253.469158105154,3.600000000000001,1,0.05
4,2,10,0.04991228070175438,1.213771499125803,2755.921436194526,8651.99411217931,9183.983951423224,3.600000000000001,1,0.05
4,2,11,0.04991228070175438,1.199851602759478,1725.809411095966,9114.020057043572,9820.20765254448,4.299999999999999,1,0.05
4,2,12,0.04991228070175438,1.208714413182598,3689.119745718448,9885.187894904413,10651.07331336337,4.299999999999999,1,0.05
4,4,1,0.05307017543859649,1.332521593692133,260.2434949809247,1316.123330901469,1934.581070734455,0.9000000000000004,1,0.05
4,4,2,0.05736842105263159,1.303843814787001,388.1600446985876,1607.52085820026,1821.696720046885,0.9000000000000004,1,0.05
4,4,3,0.05552631578947369,1.383925550297936,-93.41738120825964,1137.827207118191,1537.48752703166,1.4,1,0.05
4,4,4,0.05,1.529440139486278,268.2833876509705,1662.26972885874,1863.443506230965,1.4,1,0.05
4,4,5,0.05,3.241564468235263,376.7757324168754,1387.421967075801,1628.221193927037,2.199999999999999,1,0.05
4,4,6,0.05,2.622957483989842,797.9250679520626,1631.696044775283,2205.168697402662,2.199999999999999,1,0.05
4,4,7,0.04991228070175438,6.963625281626523,761.6010851416307,2367.845568781147,2385.449867377643,2.899999999999999,1,0.05
4,4,8,0.04991228070175438,5.265339396969919,1875.61432913657,4620.752042100873,2534.310573975428,2.899999999999999,1,0.05
4,4,9,0.04991228070175438,4.679722384003107,819.7966784853074,1323.16599247763,893.3589575384617,3.600000000000001,1,0.05
4,4,10,0.04991228070175438,5.710691180353842,1748.694852987338,4196.279998879912,1204.896945502625,3.600000000000001,1,0.05
4,4,11,0.04991228070175438,3.821292596390726,1007.277442465688,1542.48014643954,1043.323303074206,4.299999999999999,1,0.05
4,4,12,0.04991228070175438,2.85729300623207,1855.594870544383,2426.299800613401,962.0528019933046,4.299999999999999,1,0.05
3,3,4,0.5200581395348837,1.724172155151072,288.7867882172486,500.7524356279936,295.7172919143112,1.4,1,0.05
3,3,5,0.5199418604651164,1.826861199589699,288.7062093543406,453.8023663269857,277.2031479738925,1.4,1,0.05
3,3,6,0.5200581395348837,1.87201886628664,294.6844239346408,440.8825226378142,263.8824175728914,1.4,1,0.05
3,3,7,0.5204651162790698,1.19536979848405,223.3082156697335,189.6626479245925,-64.74044462137056,2.199999999999999,1,0.05
3,3,8,0.520406976744186,1.200957676573944,241.9686665973913,179.9027947545658,-58.56295991129069,2.199999999999999,1,0.05
3,3,9,0.5199418604651164,1.213030806425298,244.7805039018774,189.5027994902532,-53.39780475365699,2.199999999999999,1,0.05
3,4,2,0.5198255813953488,2.606805964093721,60.81174990540516,198.2152808492084,165.2052718953184,0.9000000000000004,1,0.05
3,4,3,0.5200581395348837,3.367049399198932,68.04980714696181,201.3191952916372,176.1695543253932,0.9000000000000004,1,0.05
3,4,4,0.5200581395348837,2.704308296311603,69.35689245461319,118.3595439194556,87.5613334518211,1.4,1,0.05
3,4,5,0.5199418604651164,2.860816769397696,69.23140866085629,116.0425285659235,83.74157876245982,1.4,1,0.05
3,4,6,0.5200581395348837,2.931868967812485,72.11743118472673,115.9645393111844,83.54898918078482,1.4,1,0.05
3,4,7,0.5204651162790698,1.753703487693923,32.96767276911884,39.24089686229784,14.07562327168471,2.199999999999999,1,0.05
3,4,8,0.520406976744186,1.779946500485023,33.66694719358851,40.20257116620232,14.67279137309616,2.199999999999999,1,0.05
3,4,9,0.5199418604651164,1.803667999059487,35.8503635006505,39.81755131093608,15.53317072634339,2.199999999999999,1,0.05
3,4,10,0.5200581395348837,1.218359267824247,9.435713068789786,8.495278003459777,0.6241545377797229,2.899999999999999,1,0.05
3,3,5,0.5298255813953491,1.142418336381563,278.1864882882813,197.0142013550498,-101.6032657843681,2.199999999999999,1,0.05
3,3,6,0.5200581395348837,1.153242296474766,280.5225283919691,224.8894583941998,-121.7645265804622,2.199999999999999,1,0.05
3,3,7,0.52,1.16380432444062,276.5936849995849,218.1950414288061,-91.44738280910558,2.199999999999999,1,0.05
3,3,8,0.52,1.182014009086975,295.0652511830023,223.553420926312,-72.65520722974566,2.199999999999999,1,0.05
3,4,2,0.5200581395348837,1.469052296060191,39.95408522982247,37.2670866179248,7.159245402438834,2.199999999999999,1,0.05
3,4,3,0.5200581395348837,1.570729015794193,36.47181830467761,35.99528231655958,10.30357582606558,2.199999999999999,1,0.05
3,4,4,0.520406976744186,1.647586757080175,37.03017343455739,37.31781969668988,12.10189124280619,2.199999999999999,1,0.05
3,4,5,0.5298255813953491,1.710564324770453,37.97749830672722,38.70445959320372,15.21602950979579,2.199999999999999,1,0.05
3,4,6,0.5200581395348837,1.743649141072358,38.81819579045072,40.52983278109609,15.68488775796096,2.199999999999999,1,0.05
3,4,7,0.52,1.779265602698845,39.83277365103815,43.21525653149812,17.03104181591459,2.199999999999999,1,0.05
3,4,8,0.52,1.802888328270607,40.66639147283341,44.39624312897993,18.92038087505984,2.199999999999999,1,0.05
2,4,5,0.0793859649122807,1.257117384127902,383.9625893872712,242.1719077191743,114.3273270324952,2.899999999999999,1,0.2
2,4,6,0.07868421052631577,1.298526262753495,521.5642211513958,217.160599037733,115.7133857751571,2.899999999999999,1,0.2
2,4,1,0.06000000000000001,3.887759356696118,690.9094169331162,3.289485307030315,13.17305677554052,0.7500000000000002,1,0.05
3,2,1,0.08833333333333333,1.820422266049015,3.905627595581354,296.2742882585185,514.3868650926868,0.9000000000000004,1,0.05
3,2,2,0.07000000000000003,2.091136454919485,163.873381321981,767.4606945767063,698.0813939854767,0.9000000000000004,1,0.05
3,2,3,0.06000000000000002,1.740967709549335,139.888706729956,894.5049172535558,849.6399347820478,1.4,1,0.05
3,2,4,0.0599122807017544,10.42940664899962,255.3427975998272,19694.53665758421,17242.11815905409,1.4,1,0.05
3,2,5,0.05789473684210528,1.314499568094946,1997.577535608387,5967.450401651197,4936.379089729344,2.199999999999999,1,0.05
3,2,6,0.05,1.183057437237477,1403.679891537551,4378.0246805468,3379.844938041127,2.199999999999999,1,0.05
3,2,7,0.05,1.153428741078961,936.3792568234418,3475.62703444165,3440.202228260011,2.899999999999999,1,0.05
3,2,8,0.05,1.115177591354568,605.2096132461265,3311.219632010222,2372.708921666776,2.899999999999999,1,0.05
3,2,9,0.04991228070175438,1.11808744749337,437.595239469382,2812.106022910074,2953.588600041763,3.600000000000001,1,0.05
3,2,11,0.04991228070175438,1.100195764352904,97.49477603166483,2546.354677490537,2370.938243351365,4.299999999999999,1,0.05
3,3,1,0.08833333333333333,8.752696822535277,2510.345784906362,35943.87640696666,54983.10416518089,0.9000000000000004,1,0.05
3,3,2,0.07000000000000003,2.973236146947917,16845.2176360646,56869.27167360168,24408.8859116941,0.9000000000000004,1,0.05
3,3,3,0.06000000000000002,4.702488912891444,4257.004080483473,21028.73462739918,10364.149491288,1.4,1,0.05
3,3,4,0.0599122807017544,3.594452600184322,7299.971188310326,19431.84715314935,7470.54793648318,1.4,1,0.05
3,3,5,0.05789473684210528,2.392854056718205,722.0999277834187,1033.773725032775,416.6238567216184,2.199999999999999,1,0.05
3,3,6,0.05,2.27998751858446,899.8698067119004,924.5026346021099,255.7448307550416,2.199999999999999,1,0.05
3,3,7,0.05,1.638602464645683,147.7015067279644,201.605983550801,146.0271045940152,2.899999999999999,1,0.05
3,3,8,0.05,1.500771305446909,200.806831500172,206.6747851157507,93.46645623797839,2.899999999999999,1,0.05
3,3,9,0.04991228070175438,1.223541384442771,143.5861657208239,439.7918374816739,256.6139799912919,3.600000000000001,1,0.05
3,4,1,0.08833333333333333,2.933714374673353,26.02616844826379,512.324809073038,1220.691452851076,0.9000000000000004,1,0.05
3,4,2,0.07000000000000003,14.63709262995921,362.3726263988945,1708.881913090283,21685.06329538643,0.9000000000000004,1,0.05
3,4,3,0.06000000000000002,2.815056124366703,1694.809699243577,8102.114186256735,4711.859412871647,1.4,1,0.05
3,4,4,0.0599122807017544,2.311119751052749,2303.05598109958,7410.37238687191,3809.696554733791,1.4,1,0.05
3,4,5,0.05789473684210528,1.469814440565864,76.52097910430984,160.90056401545,82.93509582695272,2.199999999999999,1,0.05
3,4,6,0.05,1.440579415157066,98.86794294150987,165.1920550392599,60.46580068984343,2.199999999999999,1,0.05
3,4,7,0.05,1.220443899596661,35.69607249421303,68.72022618762274,41.59912665960162,2.899999999999999,1,0.05
3,4,9,0.04991228070175438,1.155365950177112,26.18564626292792,134.0129529285779,83.1020996201117,3.600000000000001,1,0.05
3,2,1,0.05052631578947369,1.108968129092386,118.5020840973956,1868.489045072768,1880.310889340022,0.7526315789473687,1,0.05
3,2,2,0.04991228070175438,1.134875971273691,394.1765594379821,2361.749229815984,2337.423868070491,0.9000000000000004,1,0.05
3,2,3,0.04991228070175438,1.106482929774786,231.7733084154654,1640.069762261859,2240.936649652143,1.4,1,0.05
3,3,1,0.05052631578947369,5.321086657163852,7359.629228655599,307415.3699044239,209292.3114767465,0.7526315789473687,1,0.05
3,3,2,0.04991228070175438,3.303237772909578,131722.8402513754,241999.3160166509,76931.07198604355,0.9000000000000004,1,0.05
3,3,3,0.04991228070175438,4.569455812644114,19145.51709499578,49123.85332909293,19762.96693174926,1.4,1,0.05
3,3,4,0.04973684210526316,3.546216100865469,24694.48562443789,40646.56919127257,13968.52098153164,1.4,1,0.05
3,3,5,0.04859649122807017,3.228585269430758,1145.75523085582,1633.079486091662,1807.804970557964,2.199999999999999,1,0.05
3,3,6,0.04789473684210526,2.987132659117514,1312.149822052736,1415.065725216907,1506.396955717897,2.199999999999999,1,0.05
3,3,7,0.04412280701754387,1.547946544043684,141.5599240694602,206.5128425419409,128.4872957825448,2.899999999999999,1,0.05
3,3,8,0.04342105263157895,1.472898645883887,211.0966581461478,197.93897902009,85.41022081038564,2.899999999999999,1,0.05
3,3,9,0.0419298245614035,1.257324617262019,183.1480016986924,417.9721246045245,222.5856919548976,3.600000000000001,1,0.05
3,3,10,0.03999999999999999,1.104611840138285,33.4974467098113,313.3547838973081,73.2228311517841,3.600000000000001,1,0.05
3,4,1,0.05052631578947369,4.834669001497799,126.7365295241273,41797.3247370343,29927.38843807134,0.7517543859649124,1,0.05
3,4,2,0.04991228070175438,3.781627696051637,22654.67312079147,38540.52069855577,16950.7283788532,0.9000000000000004,1,0.05
3,4,3,0.04991228070175438,4.255429717217949,5279.103656453679,14568.94099038777,6682.455963869472,1.4,1,0.05
3,4,4,0.04973684210526316,3.134709397542655,7371.130357882314,11817.23487967661,5177.148846856478,1.4,1,0.05
3,4,5,0.04859649122807017,1.888312739749793,165.9632290909265,367.9498420972816,159.0086589952193,2.199999999999999,1,0.05
3,4,6,0.04789473684210526,1.739912249994165,201.9934172409643,328.8068290040372,102.813087663236,2.199999999999999,1,0.05
3,4,7,0.04412280701754387,1.284151979936192,42.8717677570057,79.40271275719981,44.51938796325364,2.899999999999999,1,0.05
3,4,8,0.04342105263157895,1.177811990197671,33.31748365938832,66.68478323185963,26.06790587155871,2.899999999999999,1,0.05
3,4,9,0.0419298245614035,1.202080419897931,37.16701329176744,115.3141726246043,71.2144659797949,3.600000000000001,1,0.05
5,2,1,0.06947368421052634,1.169586823263194,2217.66204120561,1649.732545707537,6595.617442694909,0,1,0.05
5,2,2,0.06000000000000001,1.245471304154059,2961.700934124389,7869.872870517363,7601.723227496972,0,1,0.05
5,2,3,0.05956140350877195,2.599966355855896,19807.0465079561,55816.95916514474,79717.89426977,0,1,0.1
5,2,4,0.05798245614035089,2.947325953626179,62630.68303310469,149373.624591054,276347.1886767255,0,1,0.1
5,2,5,0.0592982456140351,7.489638493953189,834379.0333120159,2894896.207215525,621991.7820274365,0,1,0.2
5,2,6,0.05885964912280704,1.16248447105154,679832.0790180395,0.0,0.0,0,1,0.2
5,3,1,0.06947368421052634,1.135760730647128,24810.56982596185,45307.2045101464,99569.07848326798,0,1,0.05
5,3,2,0.06000000000000001,1.241024800427715,33651.55686065606,132178.8646325275,189516.9196570422,0,1,0.05
5,3,3,0.05956140350877195,2.668211982785789,419418.856212182,1432379.347708431,1295268.950124529,0,1,0.1
5,4,1,0.06947368421052634,1.228457118162822,18915.4943266746,41665.65319061219,109191.2500014521,0,1,0.05
5,4,2,0.06000000000000001,1.40441139463699,33182.37343263228,143896.8657393173,208053.5290321116,0,1,0.05
5,4,3,0.05956140350877195,3.765966569751678,458508.0848011069,1507351.378791419,1732491.925138389,0,1,0.1
5,1,1,0.04780701754385965,6.435617372519674,103636.852706743,635864.6356823301,1371952.800451722,2.199999999999999,1,0.05
5,1,2,0.03999999999999999,6.182646036721987,451840.5098459134,3123573.296267627,648488.0785604814,2.199999999999999,1,0.05
5,1,3,0.04859649122807017,3.416497117129448,3440187.991704536,0.0,0.0,2.199999999999999,1,0.1
5,1,4,0.04771929824561403,1.464832453932964,1541924.671329922,0.0,0.0,2.199999999999999,1,0.1
5,2,1,0.04780701754385965,1.1758132845664,-1111.285346189991,68109.83456978372,132600.202052873,2.199999999999999,1,0.05
5,2,2,0.03999999999999999,1.228397721761823,16695.89163115936,129041.4272937901,141770.1478841778,2.199999999999999,1,0.05
5,2,3,0.04859649122807017,2.370603444876447,282844.3774407177,752090.2687151795,968716.6188333022,2.199999999999999,1,0.1
5,2,4,0.04771929824561403,1.817282496359034,427731.3217799083,1125203.137357253,705261.4314591083,2.199999999999999,1,0.1
5,2,5,0.04956140350877193,1.243419043787892,951238.8842076224,0.0,0.0,2.199999999999999,1,0.2
5,4,1,0.04780701754385965,7.149005535216806,18022.5745769004,107488.9728419331,249986.6824351068,2.199999999999999,1,0.05
5,4,2,0.03999999999999999,11.00894685622479,81536.65404865582,532120.522595216,902348.90548045,2.199999999999999,1,0.05
5,4,3,0.04859649122807017,16.45045335521816,3770665.304222938,829772.9723431951,0.0,2.199999999999999,1,0.1
5,4,4,0.04771929824561403,6.775705698601992,4141953.222560157,0.0,0.0,2.199999999999999,1,0.1
5,4,5,0.04956140350877193,4.95371803867756,3878171.122513064,0.0,0.0,2.199999999999999,1,0.2
5,4,6,0.04921052631578947,3.494609796502792,3472026.237955414,0.0,0.0,2.199999999999999,1,0.2
6,1,1,0.4857826086956524,2.735351928903026,81.69557271199737,342.5914363725088,351.7150491138264,0.9000000000000004,1,0.05
6,1,2,0.4901739130434784,3.594343215497762,373.9954783923404,656.1604344738564,511.154301420201,0.9000000000000004,1,0.05
6,1,3,0.4901739130434784,3.927492649024325,84.37540556632146,143.2820261506836,102.2341555021775,2.899999999999999,1,0.05
6,1,4,0.4951739130434783,3.300685833044683,135.1357177505544,181.1372317113218,98.94721708619598,2.899999999999999,1,0.05
6,1,5,0.4901739130434784,2.318204645767315,341.3293131678,304.862894051224,279.046332218476,4.299999999999999,1,0.05
6,1,6,0.4903043478260871,1.54891738970964,496.5616354126208,288.2948232662609,125.5087289907292,4.299999999999999,1,0.05
6,2,1,0.4857826086956524,32.27140687760864,900251.6565079542,289107.4151735431,65040.87218313374,0.9000000000000004,1,0.05
6,2,3,0.4901739130434784,1.149204027594288,115843.5726970255,79487.69097770605,45614.01935948413,2.899999999999999,1,0.05
6,2,4,0.4951739130434783,1.18049236819402,135351.8475978144,80877.25143569456,38112.1684299781,2.899999999999999,1,0.05
6,3,1,0.4857826086956524,2.403202959830867,32.6450114408391,143.0694753304333,155.3944991739328,0.9000000000000004,1,0.05
6,3,2,0.4901739130434784,2.658172358611484,126.0094052898282,235.1843571801577,181.370721191616,0.9000000000000004,1,0.05
6,3,3,0.4901739130434784,3.531327123636653,38.94115940025906,67.94541220658996,50.68312092440203,2.899999999999999,1,0.05
6,3,4,0.4951739130434783,2.996632156667082,58.30079316464997,85.46610516562973,55.08088741643601,2.899999999999999,1,0.05
6,3,5,0.4901739130434784,1.956612548781874,218.6185183383862,168.2259572816481,111.460131918966,4.299999999999999,1,0.05
6,3,6,0.4903043478260871,1.378146664851685,226.54681073482,99.299188560376,70.12152774724478,4.299999999999999,1,0.05
6,4,3,0.4901739130434784,1.138767459884922,154084.5501602993,29832.74244114139,32932.74319300696,2.899999999999999,1,0.05
6,4,4,0.4951739130434783,1.160402617303073,126814.5896634508,116051.2298530597,16043.37627216901,2.899999999999999,1,0.05
6,1,3,0.05,2.911420036764706,26.92721276406679,47.3379843361815,50.80723714047806,2.899999999999999,1,0.05
6,1,4,0.04995652173913043,3.077119538060074,81.52412247921934,111.3493592436504,86.58915558280587,2.899999999999999,1,0.05
6,1,5,0.04952173913043478,2.702987305916912,85.84550807446682,121.2757320039401,116.8874730482748,4.299999999999999,1,0.05
6,1,6,0.04852173913043478,1.803569791861767,196.860088875053,167.1379024672758,141.631868401331,4.299999999999999,1,0.05
6,3,3,0.05,2.527285083248386,11.02931888752003,21.24490680385824,23.96763535009752,2.899999999999999,1,0.05
6,3,4,0.04995652173913043,2.937056838433246,33.44553958979619,50.33178285911715,44.50915390711734,2.899999999999999,1,0.05
6,3,5,0.04952173913043478,3.097298683873005,62.15261411452745,95.36470930905722,108.4892065407798,4.299999999999999,1,0.05
6,3,6,0.04852173913043478,1.617890835723537,132.6190272926505,125.5235935944492,103.749841319768,4.299999999999999,1,0.05
3,2,1,0.06,1.111885667587273,8.25017979268371,31.80564787652444,35.07073740660223,1.4,1,0.05
3,2,2,0.05994186046511629,1.11632557800931,11.5134821242482,39.26100733050796,40.55344959866603,1.4,1,0.05
3,2,3,0.04999999999999999,1.11363190757722,16.4849743949719,41.03914275926804,43.15452777690628,1.4,1,0.05
3,2,4,0.04999999999999999,1.108163033378123,17.98611899004453,44.4502244977059,43.45127725441368,1.4,1,0.05
3,3,1,0.06,2.91609936504326,24391.12963551876,190725.9114726353,30689.94177968298,1.4,1,0.05
3,3,2,0.05994186046511629,1.580172729809434,1783.516188153643,1048.383942588013,-13.13432439996729,1.4,1,0.05
3,3,3,0.04999999999999999,1.642596697132131,2091.919597510368,1008.954274805175,-45.85358353654392,1.4,1,0.05
3,3,4,0.04999999999999999,1.641147123819728,2206.757181803199,1089.528140278304,-99.33166433142694,1.4,1,0.05
3,3,5,0.04994186046511627,1.68382828523031,2449.313384310666,1078.41110084801,-130.266552419211,1.4,1,0.05
3,3,6,0.04994186046511627,1.695532534489362,2576.028680528457,1139.474805893439,-129.1999895282778,1.4,1,0.05
3,3,7,0.04982558139534883,1.679770716566889,2650.170327900578,1062.16636849921,-110.3104088963902,1.4,1,0.05
3,3,8,0.04918604651162789,1.649953298561444,2589.059932408113,937.59798827455,-97.6143959004543,1.4,1,0.05
3,3,9,0.04790697674418604,1.647357923104339,2549.881563331908,1010.239770334076,-137.6585911594586,1.4,1,0.05
3,3,10,0.04709302325581394,1.633004559888406,2570.959505049994,883.5730135126164,-65.78273650176831,1.4,1,0.05
3,4,1,0.06,1.866622827127103,-1802.997509233407,15949.19582639682,517.940304491271,1.4,1,0.05
3,4,2,0.05994186046511629,1.964053418414925,364.9678626377382,210.0701745668194,-30.38134888818533,1.4,1,0.05
3,4,3,0.04999999999999999,2.072144035288393,393.182079610964,195.5263465529941,-26.83536189019721,1.4,1,0.05
3,4,4,0.04999999999999999,2.10057264886646,407.4061272238123,193.6376610870082,-27.82042334341915,1.4,1,0.05
3,4,5,0.04994186046511627,2.122185631614285,419.1288695263605,186.0965205079304,-24.45681900201654,1.4,1,0.05
3,4,6,0.04994186046511627,2.149495362183763,432.8935794195238,189.4075158935556,-26.54849765238329,1.4,1,0.05
3,4,7,0.04982558139534883,2.124502087250247,433.3020918826548,174.1234218319518,-23.49528038764563,1.4,1,0.05
3,4,8,0.04918604651162789,2.111766586834944,417.8354226247271,167.9689872914271,-22.46281574344951,1.4,1,0.05
3,4,9,0.04790697674418604,2.096511936339522,399.8549944155339,174.6570766437048,-27.69905968872004,1.4,1,0.05
3,4,10,0.04709302325581394,2.129382420433004,410.5158552083843,164.3421311202487,-13.07017751604526,1.4,1,0.05
6,1,1,0.4900877192982458,5.11349549760262,420.6299694936021,1259.006171578551,795.4582761994451,2.899999999999999,1,0.1
6,1,2,0.4937719298245615,4.350222866057499,949.3252868751679,1420.789429637327,634.4575331840269,2.899999999999999,1,0.1
6,1,3,0.4990350877192983,4.234889825065366,1016.961223791923,1527.138352576805,651.7616739101105,2.899999999999999,1,0.1
6,1,4,0.4992105263157895,4.144308171509222,1014.660719581928,1551.338201943266,662.4466710244332,2.899999999999999,1,0.1
6,1,5,0.4995614035087719,4.116512224115954,1005.370825450175,1579.27096941895,678.2580719496895,2.899999999999999,1,0.1
6,1,6,0.4996491228070176,4.119614395404284,998.230748237024,1585.374168066413,739.788746176661,2.899999999999999,1,0.1
6,1,7,0.4997368421052631,4.117758575687223,1002.909703154665,1593.1462820931,808.9603462460037,2.899999999999999,1,0.1
6,1,8,0.5,4.057436791940694,1019.048567045309,1609.737465217189,806.2022412868687,2.899999999999999,1,0.1
6,1,9,0.5,4.005661928099602,1000.929201944882,1653.965085669794,801.4026049059447,2.899999999999999,1,0.1
6,1,10,0.5,3.99508733392081,1029.840698422347,1656.412888736029,832.5383647205745,2.899999999999999,1,0.1
6,1,11,0.5000877192982456,3.954249427441183,1052.781081988457,1652.08095539814,841.8535999731481,2.899999999999999,1,0.1
6,1,12,0.4996491228070176,3.883379678797558,1047.794675334568,1658.410000843787,850.1353394363135,2.899999999999999,1,0.1
6,1,3,0.04000000000000001,2.24914189495499,204.8125261386751,226.7113268134406,528.0025934365062,2.9,1,0.05
6,1,4,0.04000000000000001,2.409985417581018,444.1838964355287,452.8659736850113,1083.020018379917,2.9,1,0.05
6,1,5,0.04000000000000001,1.373893206656545,206.1908597197485,317.8319136445103,466.236466303698,4.300000000000001,1,0.05
6,1,6,0.04000000000000001,1.264364384747844,339.4940373382136,356.5903279148321,629.8642703653118,4.300000000000001,1,0.05
7,1,3,0.0549122807017544,1.102537187685593,-5.311316088932986,31.65329488652851,11.41181037025873,1.4,1,0.1
7,1,5,0.04973684210526316,1.318058746307844,17.60702448007602,39.88860295997323,59.49919808423914,2.199999999999999,1,0.1
7,1,6,0.04973684210526316,1.198204518584921,14.81519242163303,33.04144744045487,28.75010158344497,2.199999999999999,1,0.1
7,1,7,0.04964912280701755,1.225776988456172,33.40989719520028,57.06975077132937,-1.759350093486814,2.899999999999999,1,0.1
7,1,8,0.04956140350877193,1.23326148457497,36.90179412440242,51.42224634473346,15.33398464459768,2.899999999999999,1,0.1
7,1,9,0.04947368421052632,1.213974080958282,53.37712442601242,15.71353875787797,12.5859494496194,3.600000000000001,1,0.1
7,1,10,0.04947368421052632,1.380560257601405,78.97421184615833,49.67578600621796,19.47375301761948,3.600000000000001,1,0.1
7,1,11,0.04903508771929824,1.231055141850884,39.38313122268098,52.18589092258757,-3.228756339724402,4.299999999999999,1,0.1
7,1,12,0.04903508771929824,1.28023127753304,76.06422464276741,28.89180241925827,20.65786319151623,4.299999999999999,1,0.1
7,2,1,0.0586842105263158,1.23636513428901,1.001951572214075,5.718643673806595,7.758006783861016,0.0,1,0.1
7,2,2,0.05842105263157896,1.230216766779838,1.809349441085612,8.006020116324045,7.955533935212694,0.0,1,0.1
7,2,3,0.0549122807017544,1.204148413996939,2.159546102093632,8.736127386027995,8.582895959183505,1.4,1,0.1
7,2,4,0.04991228070175438,1.203887311640096,4.051561157984343,10.0656721825594,9.342232845003586,1.4,1,0.1
7,2,5,0.04973684210526316,1.189933416092992,3.244167217737764,10.81476078729546,11.3613761758201,2.199999999999999,1,0.1
7,2,6,0.04973684210526316,1.166768774384935,4.007786787730011,10.09107768360652,11.91299755807595,2.199999999999999,1,0.1
7,2,7,0.04964912280701755,1.158837285025013,3.774360201408562,12.26718771567814,10.95043765084034,2.899999999999999,1,0.1
7,2,8,0.04956140350877193,1.152380952380952,5.554481203383098,11.84214707673224,11.60929398505184,2.899999999999999,1,0.1
7,2,9,0.04947368421052632,1.137875871722449,2.395532302414577,12.43419153884257,12.98574438589602,3.600000000000001,1,0.1
7,2,10,0.04947368421052632,1.132158087983762,3.915393270687778,13.10720107539777,12.14579190288117,3.600000000000001,1,0.1
7,2,11,0.04903508771929824,1.125570725405911,3.056383656886655,14.5343171770434,10.81481551409255,4.299999999999999,1,0.1
7,2,12,0.04903508771929824,1.119739437777412,4.927119189201876,11.54862377312093,12.80868489410279,4.299999999999999,1,0.1
7,4,1,0.0586842105263158,1.242914472034111,1.089500738718218,4.306695368503904,4.362297356613304,0.0,1,0.1
7,4,2,0.05842105263157896,1.228136503830465,2.188729162603563,4.458472643793605,4.86846287892787,0.0,1,0.1
7,4,3,0.0549122807017544,1.346027846027846,2.592428091026814,7.072825354776136,7.327849851944407,1.4,1,0.1
7,4,4,0.04991228070175438,1.342889263631253,4.134246079575861,8.856172106324259,8.451532422078001,1.4,1,0.1
7,4,5,0.04973684210526316,1.75631407851963,6.561291719232749,12.57589169697202,11.20955377703408,2.199999999999999,1,0.1
7,4,6,0.04973684210526316,1.595791903409091,8.428998183417608,13.87143627420536,11.32089020281049,2.199999999999999,1,0.1
7,4,7,0.04964912280701755,2.203339882121807,8.774414695027122,12.40888790381304,9.448923346916253,2.899999999999999,1,0.1
7,4,8,0.04956140350877193,2.002283105022831,12.28600658471603,14.55976800844387,10.42508526992449,2.899999999999999,1,0.1
7,4,9,0.04947368421052632,2.039510294936004,6.929065037004435,7.04958437672271,4.640657678046238,3.600000000000001,1,0.1
7,4,10,0.04947368421052632,2.008164078056551,11.62944759032854,8.476664788143346,5.045564386321886,3.600000000000001,1,0.1
7,4,11,0.04903508771929824,2.270806928601605,10.48597127434245,10.37948625700418,9.14476913147648,4.299999999999999,1,0.1
7,4,12,0.04903508771929824,1.894736842105263,23.64434119788593,12.05469843451974,8.400796888269705,4.299999999999999,1,0.1
8,1,1,0.0599122807017544,1.598030343359063,13.88620300845774,22.61636217053038,19.78741917658706,2.899999999999999,1,0.05
8,1,2,0.0599122807017544,1.655651878293388,30.3160358695624,38.93252071475266,27.12532738751559,2.899999999999999,1,0.05
8,1,3,0.05973684210526317,2.77517682297566,158.5645893443932,113.0121047938584,78.91688334912746,2.899999999999999,1,0.1
8,1,4,0.05973684210526317,2.940933384759491,265.9575355788224,159.8276911598396,97.9856800952806,2.899999999999999,1,0.1
8,1,5,0.06921052631578951,5.193991773086239,846.4754722597714,361.2563362929292,238.8621800100368,2.899999999999999,1,0.2
8,1,6,0.06859649122807021,5.106421142008066,1192.968321084576,446.1931056988095,270.5778784634898,2.899999999999999,1,0.2
8,1,1,0.04999999999999999,2.352561458004708,152.0737245352022,137.4291714202585,80.45885219479797,2.899999999999999,1,0.05
8,1,2,0.04994186046511627,2.663071837553864,1069.433511283896,638.306444236105,162.5259192765376,2.899999999999999,1,0.05
8,1,3,0.04994186046511627,1.371099991031599,1173.318050570092,426.6667337971122,-122.7260653907234,2.899999999999999,1,0.05
8,1,4,0.04994186046511627,1.36247948762885,1143.897931195283,468.3097902816277,-107.8778848930165,2.899999999999999,1,0.05
8,1,5,0.04994186046511627,4.322376053260952,1344.249172080069,3257.356310995947,-86.97369789470329,2.899999999999999,1,0.05
8,1,6,0.04994186046511627,1.394977606635725,1148.278605327504,552.410504906974,-43.32321869218686,2.899999999999999,1,0.05
9,2,1,0.08052631578947368,3.608218505112035,348.5412636028308,22204.56015384906,17788.8117783574,0.9000000000000004,1,0.05
9,2,2,0.07000000000000003,3.752954726676708,13540.36187441533,32840.28378051332,21488.63102283748,0.9000000000000004,1,0.05
9,2,3,0.06000000000000001,2.662473248788404,9398.420523251141,37746.1859100242,24350.64089455537,1.4,1,0.05
9,2,4,0.0599122807017544,1.932065488686699,9015.277267802161,36213.91737206525,21911.79847079764,1.4,1,0.05
9,2,5,0.05026315789473684,1.887367830948191,4199.713082200674,34537.69279974217,24536.4908127363,2.199999999999999,1,0.05
9,2,6,0.05,1.617073992784375,4556.549706528022,31071.20359995155,21221.55043736659,2.199999999999999,1,0.05
9,2,7,0.04991228070175438,1.659441549840869,2639.920402203707,27641.18748126091,22634.86422114508,2.899999999999999,1,0.05
9,2,8,0.04991228070175438,1.481516670305003,3893.156824528962,24284.08514943671,17678.07017092086,2.899999999999999,1,0.05
9,2,9,0.04991228070175438,1.512016530875949,2010.352545386978,21158.35832760038,17903.00905548334,3.600000000000001,1,0.05
9,2,10,0.04991228070175438,1.393714980055788,3153.593174548663,18343.98181929323,14216.81817725893,3.600000000000001,1,0.05
9,2,11,0.04763157894736843,1.408374866770663,1537.120171683565,16459.81014242602,13603.06825307027,4.299999999999999,1,0.05
9,2,12,0.04219298245614034,1.319567815777187,2574.412418139078,13892.81279325501,10925.31185566246,4.299999999999999,1,0.05
9,3,1,0.08052631578947368,1.127609904736941,-91.43979564238374,125.490063732293,206.175860879575,0.9000000000000004,1,0.05
9,3,2,0.07000000000000003,1.244006127145007,40.69585616505517,284.4428847967842,39.24628868731234,0.9000000000000004,1,0.05
9,3,3,0.06000000000000001,1.522183875107462,82.90865726170603,435.7353442109926,114.3014446148129,1.4,1,0.05
9,3,4,0.0599122807017544,1.568621128693553,182.2159459240297,425.8748557461208,80.47052469760649,1.4,1,0.05
9,3,5,0.05026315789473684,1.27153860756217,22.05255497034936,176.3214727779607,39.6203847467179,2.199999999999999,1,0.05
9,3,6,0.05,1.323790775803717,66.09272565086299,164.1064917301637,30.93097025978038,2.199999999999999,1,0.05
9,4,1,0.08052631578947368,2.446705298100597,-1216.523796100324,20301.67795664347,44796.80703450118,0.9000000000000004,1,0.05
9,4,2,0.07000000000000003,2.949884819956289,12637.39000760768,63063.05638219383,41314.44411221393,0.9000000000000004,1,0.05
9,4,3,0.06000000000000001,2.560820231729775,7079.920730368248,34293.52189711048,20928.53074388759,1.4,1,0.05
9,4,4,0.0599122807017544,2.421003028844846,11661.54357090009,38313.28157516486,18031.88537659203,1.4,1,0.05
9,4,5,0.05026315789473684,1.567427007678157,3931.240005611935,9405.362156870655,3792.200677750107,2.199999999999999,1,0.05
9,4,6,0.05,1.478482926472219,4882.513859414546,8637.633120848883,2719.268517777823,2.199999999999999,1,0.05
9,4,7,0.04991228070175438,1.258986234413128,1508.53775624806,3527.80836957441,1930.700493044042,2.899999999999999,1,0.05
9,4,8,0.04991228070175438,1.139683599503243,535.3579445151178,2843.141835116089,1326.02024232422,2.899999999999999,1,0.05
9,4,9,0.04991228070175438,1.136128322453356,1236.72323606324,2943.386186496051,1934.440361207553,3.600000000000001,1,0.05
9,2,1,0.04991228070175438,1.384826609932151,2189.701004137896,14350.78957239649,13428.24579451548,0.9000000000000004,1,0.05
9,2,2,0.04087719298245614,1.272833876488978,2911.034532464458,12129.06039657265,10400.01650372055,0.9000000000000004,1,0.05
9,2,3,0.03999999999999999,1.255210570029805,772.1156682034814,11327.15207684163,10485.04194869772,1.4,1,0.05
9,2,4,0.03999999999999999,1.202654479394345,1689.565743017022,9663.343860331046,7986.50605560497,1.4,1,0.05
9,2,5,0.03999999999999999,1.202000514625396,431.5180143293769,9310.461468613392,7538.361272979355,2.199999999999999,1,0.05
9,2,6,0.03999999999999999,1.165917046270796,1253.211582192372,7591.45600058093,5992.399741804657,2.199999999999999,1,0.05
9,2,7,0.03999999999999999,1.164221899804774,-41.15763558145215,7062.144445434385,6241.278331946737,2.899999999999999,1,0.05
9,2,8,0.03999999999999999,1.13930668437581,764.1728980590917,5700.011525030309,5144.147730600272,2.899999999999999,1,0.05
9,2,9,0.03999999999999999,1.134277520885767,-20.26266960883887,5610.239408664139,4632.786436650329,3.600000000000001,1,0.05
9,2,10,0.03999999999999999,1.113497910902209,418.4294776233314,4739.28798906761,3714.250401075905,3.600000000000001,1,0.05
9,2,11,0.03999999999999999,1.116434716364894,59.17967411599437,4224.906369186333,4081.750664330846,4.299999999999999,1,0.05
9,2,12,0.03999999999999999,1.102804198020112,466.9878853059946,3797.681447762661,3299.682703519475,4.299999999999999,1,0.05
9,3,1,0.04991228070175438,1.18035990863092,7350.31501542926,5506.380791863828,-4242.626316370813,0.9000000000000004,1,0.05
9,3,2,0.04087719298245614,1.413792816133791,10017.21015734747,4339.806115518418,-436.8841347466357,0.9000000000000004,1,0.05
9,3,3,0.03999999999999999,1.699361416715761,5879.239386377382,7223.575879772152,861.0694493918248,1.4,1,0.05
9,3,4,0.03999999999999999,1.734109547449442,7069.648008552163,6085.831219817154,654.3377917209149,1.4,1,0.05
9,3,5,0.03999999999999999,1.11580262766548,-13.81324572470052,775.7478013864979,20.87536855848914,2.199999999999999,1,0.05
9,3,6,0.03999999999999999,1.203000182584528,144.4602856582149,845.8387873032233,67.27722503804671,2.199999999999999,1,0.05
9,3,7,0.03999999999999999,1.133296055744333,-0.01945527562347065,56.75541166405824,21.68034825743986,2.899999999999999,1,0.05
9,3,8,0.03999999999999999,1.127592006078249,9.197526304187067,50.06065217965684,16.00714157867214,2.899999999999999,1,0.05
9,4,1,0.04991228070175438,5.891639308348467,471185.1035162103,1778099.319039548,654263.6866654514,0.9000000000000004,1,0.05
9,4,2,0.04087719298245614,4.105332693007419,614729.78499091,1138536.23437385,317454.8868533893,0.9000000000000004,1,0.05
9,4,3,0.03999999999999999,4.24392764240001,56586.7169983624,178062.1160777605,70574.6478401997,1.4,1,0.05
9,4,4,0.03999999999999999,3.720221642324109,71596.51567120923,138100.5284398426,46076.8420000574,1.4,1,0.05
9,4,5,0.03999999999999999,1.709639317055318,7435.475620849606,13893.86032897771,4648.198125402834,2.199999999999999,1,0.05
9,4,6,0.03999999999999999,1.573931673516542,8366.921262578047,11631.84455784931,2817.733544667431,2.199999999999999,1,0.05
9,4,7,0.03999999999999999,1.224393679829539,1236.611365360135,4074.896858725339,1708.005568752963,2.899999999999999,1,0.05
9,4,8,0.03999999999999999,1.17040926534558,1332.386442723476,3492.024011349344,1056.795231976438,2.899999999999999,1,0.05
9,4,9,0.03999999999999999,1.128766856397079,819.9717759663248,2663.356256842518,1701.247398026557,3.600000000000001,1,0.05
7,2,1,0.06535087719298248,1.849092454622731,4.310684161676893,53.58743237723699,113.7914637181455,2.899999999999999,1,0.05
7,2,2,0.0599122807017544,1.554524931291716,11.17711023110623,91.64965761841226,68.26406563398616,2.899999999999999,1,0.05
7,2,3,0.05938596491228072,2.053972166589637,115.1606405013149,169.7062181755577,125.9360425087898,2.899999999999999,1,0.1
7,2,4,0.05684210526315791,1.562516241922351,82.70357222328771,143.7758116503558,98.80601689150438,2.899999999999999,1,0.1
7,2,5,0.0592982456140351,2.015580230587413,234.2572498088639,245.0730551959799,187.4367697970849,2.899999999999999,1,0.2
7,2,6,0.05894736842105264,1.659834583484012,206.6198909401641,217.5683154936417,139.9448264543221,2.899999999999999,1,0.2
7,4,1,0.06535087719298248,1.597215777262181,10.34952548726929,15.56662026559458,25.74920913488655,2.899999999999999,1,0.05
7,4,2,0.0599122807017544,1.465977303597248,4.430960583349771,26.62445327059453,22.58599784450146,2.899999999999999,1,0.05
7,4,3,0.05938596491228072,2.809185099909547,63.08373135541049,100.5008584346752,56.54849664429245,2.899999999999999,1,0.1
7,4,4,0.05684210526315791,2.390542420027816,76.90595648051195,98.5428583053759,49.12466738198285,2.899999999999999,1,0.1
7,4,5,0.0592982456140351,3.603528742174161,251.2806988118543,134.6138160161287,66.92905150434561,2.899999999999999,1,0.2
7,4,6,0.05894736842105264,3.083214499286996,266.1919448992313,124.6189935111399,56.78157714596947,2.899999999999999,1,0.2
6,1,1,0.04991228070175438,11.4414577351751,457.4883891832093,1028.176422890923,833.6019639135741,2.899999999999999,1,0.1
6,1,2,0.04964912280701755,6.790342924439551,2073.460595836974,1608.867896084774,438.7762339870147,2.899999999999999,1,0.1
6,1,3,0.04921052631578947,5.156786155537913,3385.387090548968,506.9374837735942,925.3680178939359,2.899999999999999,1,0.1
6,1,4,0.04859649122807017,5.059011901158252,3086.31281222549,2115.198611845446,1120.215898021425,2.899999999999999,1,0.1
6,1,5,0.04798245614035088,5.0416268234085,3622.253231183875,2710.475164033467,1234.931133290682,2.899999999999999,1,0.1
6,1,6,0.04245614035087719,5.106484860393742,4111.467163345253,3223.79061593099,1378.102031948338,2.899999999999999,1,0.1
6,1,7,0.03999999999999999,5.127515230718966,4724.202995131336,3438.663777372522,1427.766034926208,2.899999999999999,1,0.1
6,1,8,0.03999999999999999,5.155182110549579,5030.327039689627,3938.602285202876,1446.030177032595,2.899999999999999,1,0.1
6,1,9,0.03999999999999999,5.145496982490074,5497.907705762986,4120.929932060051,1438.975531951879,2.899999999999999,1,0.1
6,1,10,0.03999999999999999,5.157731590879636,5713.18554488596,4175.395193778948,1731.893766985634,2.899999999999999,1,0.1
6,1,11,0.03999999999999999,1711.727903732423,4856224.62593943,0.0,5.182152085408231,2.899999999999999,1,0.1
7,1,2,0.04964912280701755,1.116595710116047,3042.073351288164,3954.892746156696,3773.23309542405,0.9000000000000004,1,0.1
7,1,4,0.04921052631578947,1.70685453610636,290633.33596519,-7442.09388084474,77073.41922613961,1.4,1,0.1
7,2,1,0.05043859649122807,1.238568927976775,5.705259589814688,11.45753033406914,10.88550071238424,0.9000000000000004,1,0.1
7,2,2,0.04964912280701755,1.175377747252747,2.701655091566947,12.59613461138753,10.43520671193413,0.9000000000000004,1,0.1
7,2,3,0.04929824561403509,1.152250729758796,3.098252650223321,11.35131212451858,10.50104924936601,1.4,1,0.1
7,2,4,0.04921052631578947,1.139360517236696,4.275296828173155,9.271240880826054,12.24182216269776,1.4,1,0.1
7,2,5,0.04859649122807017,1.13355208763952,3.185801390731987,11.25003972289563,11.59411182203739,2.199999999999999,1,0.1
7,2,6,0.0486842105263158,1.12010179316195,3.142027020477626,11.44723505876954,11.07797433802003,2.199999999999999,1,0.1
7,2,7,0.04824561403508772,1.123126585197141,2.830756383633942,10.80463934528582,13.27413685196833,2.899999999999999,1,0.1
7,2,8,0.04824561403508772,1.108147481629068,3.55682070110511,12.21670417681135,9.625491351163294,2.899999999999999,1,0.1
7,2,9,0.04780701754385965,1.112765821843598,2.64105366588614,12.25694222473019,11.8573893480816,3.600000000000001,1,0.1
7,2,10,0.04763157894736842,1.112409283036925,3.278245837434705,12.73283851152043,12.38858232917905,3.600000000000001,1,0.1
7,2,11,0.04701754385964912,1.106430375718519,1.802714332755372,12.4544343928564,12.74802075139903,4.299999999999999,1,0.1
7,2,12,0.04701754385964912,1.104813897643704,2.82587879086303,13.4260928257814,11.90793681144975,4.299999999999999,1,0.1
7,4,1,0.05043859649122807,1.692529360591561,18.22472948255382,25.84017221102343,19.65564145369614,0.9000000000000004,1,0.1
7,4,2,0.04964912280701755,1.230960147496809,5.816332993895027,14.8228518588807,12.0850017595047,0.9000000000000004,1,0.1
7,4,3,0.04929824561403509,1.301768947015426,6.308373135541049,16.42220590462006,13.4464037858147,1.4,1,0.1
7,4,4,0.04921052631578947,1.22813785072237,6.108956559937978,13.70949320205119,11.65984219216852,1.4,1,0.1
7,4,5,0.04859649122807017,1.683900826446281,11.36188099045789,22.75311677649066,17.77325216891982,2.199999999999999,1,0.1
7,4,6,0.0486842105263158,1.5327961987398,13.98834320571773,21.72039472689604,15.93123034083466,2.199999999999999,1,0.1
7,4,7,0.04824561403508772,2.328356507864144,15.2335549717208,24.41291812724066,18.71941754305407,2.899999999999999,1,0.1
7,4,8,0.04824561403508772,2.103286384976526,21.65190306574367,27.399020883702,17.83904154198245,2.899999999999999,1,0.1
7,4,9,0.04780701754385965,2.301077167579022,13.50196128268863,14.01299464090747,9.225787785553889,3.600000000000001,1,0.1
7,4,10,0.04763157894736842,2.29801411026914,22.25218799148928,17.12050583643625,10.0049947977071,3.600000000000001,1,0.1
7,4,11,0.04701754385964912,2.116020671834625,16.67632234505778,14.69633379799065,11.64983873351352,4.299999999999999,1,0.1
7,4,12,0.04701754385964912,1.832887603903144,32.08174957750868,15.16192013043388,9.772301735193142,4.299999999999999,1,0.1
7,1,3,0.0599122807017544,1.192156134038631,11509.38846519484,396.5743262514252,8999.819240244837,1.4,1,0.1
7,1,7,0.03999999999999999,1.326107962084318,16339.60886271407,9672.696120096265,5876.693281098594,2.899999999999999,1,0.1
7,2,1,0.08552631578947369,1.344796763266842,4.212087677365968,15.69835655694455,17.00916936961413,0.9000000000000004,1,0.1
7,2,2,0.06991228070175443,1.246843191437266,6.070046008600786,16.12843622675395,13.26934480182243,0.9000000000000004,1,0.1
7,2,3,0.0599122807017544,1.178683200472394,2.934905769093068,13.87129585339131,13.69957976727891,1.4,1,0.1
7,4,1,0.08552631578947369,1.305729278987851,2.626474995124276,9.665977119201836,9.12452614502061,0.9000000000000004,1,0.1
7,4,2,0.06991228070175443,1.217477656405164,3.492221982512311,8.132537501221716,8.183268705014063,0.9000000000000004,1,0.1
7,4,3,0.0599122807017544,1.271761133603239,3.153565967121525,10.64258853691424,10.53152031610913,1.4,1,0.1
7,4,11,0.03999999999999999,1.565821389195149,4.344070374308542,4.326894563500036,4.134629993605837,4.299999999999999,1,0.1
7,4,12,0.03999999999999999,1.170062946761976,2.448946616836449,2.844153989560772,2.672074218633858,4.299999999999999,1,0.1
3,3,2,0.5117441860465116,1.294528191513297,20.8832335938559,93.798935286807,104.7773444205712,1.4,1,0.05
3,3,3,0.52,1.518245379259518,49.92125301368051,159.8673675566856,142.7506484676208,1.4,1,0.05
3,3,4,0.5200581395348837,1.684754003737147,82.62299770684069,214.3833484066585,171.7442918054424,1.4,1,0.05
3,3,5,0.52,1.823611043244564,113.9719683340101,262.6653588885358,187.3003422669485,1.4,1,0.05
3,3,6,0.5134883720930232,1.937381394941464,137.3504333079467,295.2800739240571,209.4264836927659,1.4,1,0.05
3,3,7,0.52,2.01813993248236,164.5866550712674,326.1673927486844,214.3286440531252,1.4,1,0.05
3,3,8,0.5200581395348837,2.080099052561304,184.4091864619134,347.300999871373,232.5794390050698,1.4,1,0.05
3,3,9,0.5200581395348837,2.140362218992431,193.6060027476822,375.5128801989854,237.0951790042388,1.4,1,0.05
3,3,10,0.5203488372093024,2.161991039292142,204.6852209867415,383.8368767948531,238.2787763562013,1.4,1,0.05
3,3,11,0.5200581395348837,2.190812174898285,217.0778345819562,386.5359143393366,248.1149111595344,1.4,1,0.05
3,3,12,0.5200581395348837,2.211892508427961,228.7339492141375,401.5081603380641,249.8541221857375,1.4,1,0.05
3,3,13,0.5200581395348837,2.23109967998973,232.9531887122135,406.6532360258046,259.3936288638801,1.4,1,0.05
3,3,14,0.5200581395348837,2.24512140960219,240.8108148595538,415.2396071611519,260.6941682932328,1.4,1,0.05
3,3,15,0.5201162790697674,2.266925100373806,251.0552496601863,429.0366026096103,268.093834785107,1.4,1,0.05
3,3,16,0.5281976744186048,2.284210944325312,263.2846098947442,430.2333328766624,275.3763957026701,1.4,1,0.05
3,3,17,0.5300581395348839,2.339465364846556,278.8915942717371,454.7504096625473,301.7814239995895,1.4,1,0.05
3,3,18,0.5300581395348839,2.39409405457077,302.9916949211967,496.0392151456041,321.3866902421173,1.4,1,0.05
3,4,2,0.5117441860465116,1.392680293383968,2.550899623082225,14.12955690170303,18.63360617062129,1.4,1,0.05
3,4,3,0.52,1.765961683992512,9.208296406774576,27.26365299621349,27.72623736396936,1.4,1,0.05
3,4,4,0.5200581395348837,2.167070609145258,16.06038482067249,40.03387961212738,40.1653235231076,1.4,1,0.05
3,4,5,0.52,2.489542588009899,21.55391820365608,53.90014351996362,49.29808705967022,1.4,1,0.05
3,4,6,0.5134883720930232,2.837514746362564,29.32694554437191,67.24022661197264,60.00675707960715,1.4,1,0.05
3,4,7,0.52,2.991961229278049,35.03617942115106,73.13428950942563,65.02362706937024,1.4,1,0.05
3,4,8,0.5200581395348837,3.212299603835759,41.68957323462021,86.91971691943057,71.70330616613354,1.4,1,0.05
3,4,9,0.5200581395348837,3.385665901890091,47.89378976988468,95.78611508984021,74.40959335380275,1.4,1,0.05
3,4,10,0.5203488372093024,3.454955761722248,51.14586199420093,100.3502159038948,76.66944058324987,1.4,1,0.05
3,4,11,0.5200581395348837,3.590018510110712,56.18836603354677,108.0964536565623,83.49894529972826,1.4,1,0.05
3,4,12,0.5200581395348837,3.613583138173302,62.69566293693855,107.1491396655371,84.40256254939568,1.4,1,0.05
3,4,13,0.5200581395348837,3.669017649242399,65.01980584049697,117.9487366961648,81.85588969740725,1.4,1,0.05
3,4,14,0.5200581395348837,3.670726488692847,68.3498645208938,118.5762671602805,82.86073215066386,1.4,1,0.05
3,4,15,0.5201162790697674,3.731060485030514,72.93600866673115,122.0685821604699,89.59852976087092,1.4,1,0.05
3,4,16,0.5281976744186048,3.749347745061498,76.21077151422465,129.4222242631204,90.1996782581797,1.4,1,0.05
3,4,17,0.5300581395348839,3.866601841441551,80.07232724508876,136.3832875344898,97.74967799772055,1.4,1,0.05
3,4,18,0.5300581395348839,4.044100225091814,91.24658934455476,144.6727625362769,107.2436066169725,1.4,1,0.05
6,1,1,0.03999999999999999,3.215230955016604,84.76177226913944,169.6404288024946,187.7679314417517,2.899999999999999,1,0.05
6,1,2,0.03999999999999999,2.797642457260136,219.5176710617122,353.9992265027241,264.2253043825377,2.899999999999999,1,0.05
6,1,3,0.04833333333333333,6.680381394380234,1556.494020704276,1434.992744521091,809.0716846239226,2.899999999999999,1,0.1
6,1,4,0.0475438596491228,5.081315403800169,2561.612917637623,1211.268390340106,139.9744826100312,2.899999999999999,1,0.1
6,1,5,0.04956140350877193,12.30192944007563,7165.022969961587,3806.649045404838,2048.316461493146,2.899999999999999,1,0.2
6,1,6,0.04912280701754386,11.5588039889518,9408.285246816351,4141.796716911763,1913.52946663326,2.899999999999999,1,0.2
6,3,1,0.03999999999999999,2.395550897596268,27.49516833863805,85.74379598462656,94.54945053300938,2.899999999999999,1,0.05
6,3,2,0.03999999999999999,2.563610842015777,98.14652436918196,167.6018067665078,130.5261161562585,2.899999999999999,1,0.05
6,3,3,0.04833333333333333,5.798410414716933,606.3622526501225,667.1042428550728,439.8547930162144,2.899999999999999,1,0.1
6,3,4,0.0475438596491228,5.053807810987967,905.6722652864738,836.3853604662238,468.4709445464618,2.899999999999999,1,0.1
6,3,5,0.04956140350877193,11.49832629674306,2979.638698290832,2904.727345749761,1042.047788971102,2.899999999999999,1,0.2
6,3,6,0.04912280701754386,10.29635744445851,3593.004272115919,3413.703417128652,1026.076368365872,2.899999999999999,1,0.2
6,1,3,0.04982456140350877,1.214190834137877,77.94269814729785,410.8192107204567,493.8505206672909,0,1,0.1
6,1,4,0.04973684210526316,1.237496829405472,211.0185686942359,504.4830803087983,583.7824256566015,0,1,0.1
6,1,5,0.05885964912280704,1.73331244363603,872.7490750362986,1866.885470854503,2080.85796321302,0,1,0.2
6,1,6,0.05728070175438598,1.540253028829926,1083.211383400213,2209.277997537193,2487.536687268864,0,1,0.2
6,3,3,0.04982456140350877,2.197311973874864,229.1393730057628,3944.877579263994,1353.379978609373,0,1,0.1
6,3,4,0.04973684210526316,1.319519706112654,530.9996827823079,1135.890328287202,1632.257787649436,0,1,0.1
6,3,5,0.05885964912280704,1.815460933109554,2124.730111042632,4409.571144182961,4255.274422746135,0,1,0.2
6,3,6,0.05728070175438598,1.510022943745125,2670.436002089894,3956.066823886104,4146.020996806866,0,1,0.2
1,1,1,0.08,1.86766359161315,326.215670801775,1312.99362423057,837.364745317826,2.9,1,0.05
1,1,2,0.0698837209302326,1.3595561082726,4231.47778810537,6133.43551292431,2951.72818699186,2.9,1,0.05
1,1,3,0.06,1.20615049163434,2759.18813053033,6125.93214777976,3529.08287644275,2.9,1,0.05
1,1,4,0.0597674418604651,1.20765905308773,5182.63426984246,6679.71766090279,2948.23933026377,2.9,1,0.05
1,1,5,0.0581395348837209,1.15273790770331,3451.47842927462,6494.57593107047,3255.78323830091,2.9,1,0.05
1,1,6,0.05,1.1437782975597,3759.94725215685,8639.93172609612,-425.4468470292,2.9,1,0.05
1,1,9,0.0499418604651163,1.10130831202428,3076.62528441912,6484.30274874427,730.888988209557,2.9,1,0.05
1,3,1,0.08,2.73822235640772,265.752680495199,597.220203563326,650.322539367965,2.9,1,0.05
1,3,2,0.0698837209302326,4.71427049687478,35276.9401763214,41473.5018019677,22418.961574992,2.9,1,0.05
1,3,3,0.06,4.60908060839357,64476.2172230686,62082.7629042267,27621.6777602157,2.9,1,0.05
1,3,4,0.0597674418604651,4.54089784622184,93518.3922354476,73295.8416095742,23406.1980146438,2.9,1,0.05
1,3,5,0.0581395348837209,4.48800793149309,116212.92536601,76011.9419063342,23300.1116281819,2.9,1,0.05
1,3,6,0.05,4.39936624663535,129671.702611298,79071.5270636939,17006.9966497615,2.9,1,0.05
1,3,7,0.05,4.33170756821088,144839.414482284,76614.2496943761,17327.7985206937,2.9,1,0.05
1,3,8,0.0499418604651163,4.2646580924246,153795.442981502,76926.02466208,16048.909755673,2.9,1,0.05
1,3,9,0.0499418604651163,4.13709706361836,159369.568181808,79339.3422158598,12382.6766090582,2.9,1,0.05
1,3,10,0.0498837209302326,4.06280945232508,161229.059644278,77612.5519756502,11803.4013534675,2.9,1,0.05
1,3,11,0.0498255813953488,3.93080047372366,165681.516805814,72310.6997525855,10136.4118512425,2.9,1,0.05
1,3,12,0.0497674418604651,3.82600310309085,166419.756674706,68110.7660947837,8481.86531998669,2.9,1,0.05
1,3,13,0.0497674418604651,3.71192416113259,162605.21680447,67651.454747511,8169.3939978982,2.9,1,0.05
1,3,14,0.0497674418604651,3.74001690259095,164573.158251973,70335.1584007983,9974.68444643205,2.9,1,0.05
1,3,15,0.0497674418604651,3.71695776154232,172779.061165905,68954.6668304945,16116.871631596,2.9,1,0.05
1,3,16,0.0497093023255814,3.60975111284903,179151.758367543,70339.8649910626,11849.9883882283,2.9,1,0.05
1,3,17,0.0497093023255814,3.51864210483634,183885.554725662,70561.149576791,8461.97321193064,2.9,1,0.05
1,3,18,0.049593023255814,3.42268668095419,183495.048678058,70115.503722157,9272.47109452992,2.9,1,0.05
